"","prefix","band_no1","population","sex","date_weighed","mass","week","pop","ID"
"275",1851,"39364","Rural","M",2016-01-17,20,1,"Rural","1"
"299",1851,"39364","Rural","M",2016-01-22,17.7,2,"Rural","1"
"323",1851,"39364","Rural","M",2016-01-29,15.4,3,"Rural","1"
"347",1851,"39364","Rural","M",2016-02-05,18.8,4,"Rural","1"
"371",1851,"39364","Rural","M",2016-02-12,18.4,5,"Rural","1"
"395",1851,"39364","Rural","M",2016-02-22,18.67,6,"Rural","1"
"418",1851,"39364","Rural","M",2016-02-26,18.25,7,"Rural","1"
"441",1851,"39364","Rural","M",2016-03-04,18.72,8,"Rural","1"
"464",1851,"39364","Rural","M",2016-03-11,18.88,9,"Rural","1"
"276",2631,"53721","Rural","F",2016-01-17,19.7,1,"Rural","2"
"300",2631,"53721","Rural","F",2016-01-22,18.7,2,"Rural","2"
"324",2631,"53721","Rural","F",2016-01-29,18.7,3,"Rural","2"
"348",2631,"53721","Rural","F",2016-02-05,19.4,4,"Rural","2"
"372",2631,"53721","Rural","F",2016-02-12,18.6,5,"Rural","2"
"277",2631,"53794","Rural","M",2016-01-17,20.7,1,"Rural","3"
"301",2631,"53794","Rural","M",2016-01-22,20.6,2,"Rural","3"
"325",2631,"53794","Rural","M",2016-01-29,20.5,3,"Rural","3"
"349",2631,"53794","Rural","M",2016-02-05,20.2,4,"Rural","3"
"373",2631,"53794","Rural","M",2016-02-12,19.9,5,"Rural","3"
"396",2631,"53794","Rural","M",2016-02-22,19.84,6,"Rural","3"
"419",2631,"53794","Rural","M",2016-02-26,19.83,7,"Rural","3"
"442",2631,"53794","Rural","M",2016-03-04,20.12,8,"Rural","3"
"465",2631,"53794","Rural","M",2016-03-11,20.4,9,"Rural","3"
"279",2631,"53796","Rural","F",2016-01-17,17.5,1,"Rural","4"
"303",2631,"53796","Rural","F",2016-01-22,17.5,2,"Rural","4"
"327",2631,"53796","Rural","F",2016-01-29,18.1,3,"Rural","4"
"351",2631,"53796","Rural","F",2016-02-05,18.3,4,"Rural","4"
"375",2631,"53796","Rural","F",2016-02-12,17.9,5,"Rural","4"
"398",2631,"53796","Rural","F",2016-02-22,18.68,6,"Rural","4"
"421",2631,"53796","Rural","F",2016-02-26,18.49,7,"Rural","4"
"444",2631,"53796","Rural","F",2016-03-04,19.06,8,"Rural","4"
"467",2631,"53796","Rural","F",2016-03-11,19.8,9,"Rural","4"
"280",2631,"53797","Rural","F",2016-01-17,19.3,1,"Rural","5"
"304",2631,"53797","Rural","F",2016-01-22,18.9,2,"Rural","5"
"328",2631,"53797","Rural","F",2016-01-29,20.4,3,"Rural","5"
"352",2631,"53797","Rural","F",2016-02-05,20.6,4,"Rural","5"
"376",2631,"53797","Rural","F",2016-02-12,19.7,5,"Rural","5"
"399",2631,"53797","Rural","F",2016-02-22,20.22,6,"Rural","5"
"422",2631,"53797","Rural","F",2016-02-26,19.29,7,"Rural","5"
"445",2631,"53797","Rural","F",2016-03-04,18.84,8,"Rural","5"
"468",2631,"53797","Rural","F",2016-03-11,19.08,9,"Rural","5"
"281",2631,"53798","Rural","M",2016-01-17,20.8,1,"Rural","6"
"305",2631,"53798","Rural","M",2016-01-22,20.6,2,"Rural","6"
"329",2631,"53798","Rural","M",2016-01-29,21.2,3,"Rural","6"
"353",2631,"53798","Rural","M",2016-02-05,21.4,4,"Rural","6"
"377",2631,"53798","Rural","M",2016-02-12,20.8,5,"Rural","6"
"400",2631,"53798","Rural","M",2016-02-22,21.41,6,"Rural","6"
"423",2631,"53798","Rural","M",2016-02-26,21.5,7,"Rural","6"
"446",2631,"53798","Rural","M",2016-03-04,21.35,8,"Rural","6"
"469",2631,"53798","Rural","M",2016-03-11,21.57,9,"Rural","6"
"282",2631,"53799","Rural","F",2016-01-17,18.7,1,"Rural","7"
"306",2631,"53799","Rural","F",2016-01-22,20,2,"Rural","7"
"330",2631,"53799","Rural","F",2016-01-29,20.1,3,"Rural","7"
"354",2631,"53799","Rural","F",2016-02-05,20.4,4,"Rural","7"
"378",2631,"53799","Rural","F",2016-02-12,20.4,5,"Rural","7"
"401",2631,"53799","Rural","F",2016-02-22,20.89,6,"Rural","7"
"424",2631,"53799","Rural","F",2016-02-26,20.23,7,"Rural","7"
"447",2631,"53799","Rural","F",2016-03-04,19.58,8,"Rural","7"
"470",2631,"53799","Rural","F",2016-03-11,20.25,9,"Rural","7"
"283",2631,"53800","Rural","F",2016-01-17,17.8,1,"Rural","8"
"307",2631,"53800","Rural","F",2016-01-22,17.7,2,"Rural","8"
"331",2631,"53800","Rural","F",2016-01-29,18.6,3,"Rural","8"
"355",2631,"53800","Rural","F",2016-02-05,19.8,4,"Rural","8"
"379",2631,"53800","Rural","F",2016-02-12,19.2,5,"Rural","8"
"402",2631,"53800","Rural","F",2016-02-22,18.88,6,"Rural","8"
"425",2631,"53800","Rural","F",2016-02-26,18.98,7,"Rural","8"
"448",2631,"53800","Rural","F",2016-03-04,18.97,8,"Rural","8"
"471",2631,"53800","Rural","F",2016-03-11,19.14,9,"Rural","8"
"284",2631,"53801","Rural","F",2016-01-17,19.9,1,"Rural","9"
"308",2631,"53801","Rural","F",2016-01-22,18.6,2,"Rural","9"
"332",2631,"53801","Rural","F",2016-01-29,17.3,3,"Rural","9"
"356",2631,"53801","Rural","F",2016-02-05,19,4,"Rural","9"
"380",2631,"53801","Rural","F",2016-02-12,18.3,5,"Rural","9"
"403",2631,"53801","Rural","F",2016-02-22,18.73,6,"Rural","9"
"426",2631,"53801","Rural","F",2016-02-26,18.37,7,"Rural","9"
"449",2631,"53801","Rural","F",2016-03-04,18.32,8,"Rural","9"
"472",2631,"53801","Rural","F",2016-03-11,18.62,9,"Rural","9"
"285",2631,"53802","Rural","M",2016-01-17,18,1,"Rural","10"
"309",2631,"53802","Rural","M",2016-01-22,17.8,2,"Rural","10"
"333",2631,"53802","Rural","M",2016-01-29,17.6,3,"Rural","10"
"357",2631,"53802","Rural","M",2016-02-05,17.7,4,"Rural","10"
"381",2631,"53802","Rural","M",2016-02-12,17.4,5,"Rural","10"
"404",2631,"53802","Rural","M",2016-02-22,17.63,6,"Rural","10"
"427",2631,"53802","Rural","M",2016-02-26,17.06,7,"Rural","10"
"450",2631,"53802","Rural","M",2016-03-04,17.34,8,"Rural","10"
"473",2631,"53802","Rural","M",2016-03-11,17.24,9,"Rural","10"
"286",2631,"53803","Rural","F",2016-01-17,19.6,1,"Rural","11"
"310",2631,"53803","Rural","F",2016-01-22,19.9,2,"Rural","11"
"334",2631,"53803","Rural","F",2016-01-29,20.5,3,"Rural","11"
"358",2631,"53803","Rural","F",2016-02-05,21.5,4,"Rural","11"
"382",2631,"53803","Rural","F",2016-02-12,20.1,5,"Rural","11"
"405",2631,"53803","Rural","F",2016-02-22,21.25,6,"Rural","11"
"428",2631,"53803","Rural","F",2016-02-26,20.21,7,"Rural","11"
"451",2631,"53803","Rural","F",2016-03-04,19.78,8,"Rural","11"
"474",2631,"53803","Rural","F",2016-03-11,20.1,9,"Rural","11"
"287",2631,"53804","Rural","F",2016-01-17,16.5,1,"Rural","12"
"311",2631,"53804","Rural","F",2016-01-22,17,2,"Rural","12"
"335",2631,"53804","Rural","F",2016-01-29,17.3,3,"Rural","12"
"359",2631,"53804","Rural","F",2016-02-05,18.2,4,"Rural","12"
"383",2631,"53804","Rural","F",2016-02-12,16.9,5,"Rural","12"
"406",2631,"53804","Rural","F",2016-02-22,17.21,6,"Rural","12"
"429",2631,"53804","Rural","F",2016-02-26,16.61,7,"Rural","12"
"452",2631,"53804","Rural","F",2016-03-04,16.96,8,"Rural","12"
"475",2631,"53804","Rural","F",2016-03-11,16.63,9,"Rural","12"
"288",2631,"53805","Rural","M",2016-01-17,19.5,1,"Rural","13"
"312",2631,"53805","Rural","M",2016-01-22,19.7,2,"Rural","13"
"336",2631,"53805","Rural","M",2016-01-29,19.8,3,"Rural","13"
"360",2631,"53805","Rural","M",2016-02-05,19.3,4,"Rural","13"
"384",2631,"53805","Rural","M",2016-02-12,18.7,5,"Rural","13"
"407",2631,"53805","Rural","M",2016-02-22,18.46,6,"Rural","13"
"430",2631,"53805","Rural","M",2016-02-26,18.37,7,"Rural","13"
"453",2631,"53805","Rural","M",2016-03-04,18.36,8,"Rural","13"
"476",2631,"53805","Rural","M",2016-03-11,18.25,9,"Rural","13"
"289",2631,"53806","Rural","F",2016-01-17,19,1,"Rural","14"
"313",2631,"53806","Rural","F",2016-01-22,17.1,2,"Rural","14"
"337",2631,"53806","Rural","F",2016-01-29,18.2,3,"Rural","14"
"361",2631,"53806","Rural","F",2016-02-05,17.6,4,"Rural","14"
"385",2631,"53806","Rural","F",2016-02-12,16.7,5,"Rural","14"
"408",2631,"53806","Rural","F",2016-02-22,17.45,6,"Rural","14"
"431",2631,"53806","Rural","F",2016-02-26,17.02,7,"Rural","14"
"454",2631,"53806","Rural","F",2016-03-04,17.28,8,"Rural","14"
"477",2631,"53806","Rural","F",2016-03-11,17.35,9,"Rural","14"
"290",2631,"53807","Rural","F",2016-01-17,18.5,1,"Rural","15"
"314",2631,"53807","Rural","F",2016-01-22,18.3,2,"Rural","15"
"338",2631,"53807","Rural","F",2016-01-29,19.4,3,"Rural","15"
"362",2631,"53807","Rural","F",2016-02-05,19.6,4,"Rural","15"
"386",2631,"53807","Rural","F",2016-02-12,19.3,5,"Rural","15"
"409",2631,"53807","Rural","F",2016-02-22,20.5,6,"Rural","15"
"432",2631,"53807","Rural","F",2016-02-26,19.43,7,"Rural","15"
"455",2631,"53807","Rural","F",2016-03-04,18.75,8,"Rural","15"
"478",2631,"53807","Rural","F",2016-03-11,19.23,9,"Rural","15"
"291",2631,"53808","Rural","M",2016-01-17,17.6,1,"Rural","16"
"315",2631,"53808","Rural","M",2016-01-22,17.4,2,"Rural","16"
"339",2631,"53808","Rural","M",2016-01-29,18.9,3,"Rural","16"
"363",2631,"53808","Rural","M",2016-02-05,19,4,"Rural","16"
"387",2631,"53808","Rural","M",2016-02-12,18,5,"Rural","16"
"410",2631,"53808","Rural","M",2016-02-22,18.46,6,"Rural","16"
"433",2631,"53808","Rural","M",2016-02-26,17.54,7,"Rural","16"
"456",2631,"53808","Rural","M",2016-03-04,17.6,8,"Rural","16"
"479",2631,"53808","Rural","M",2016-03-11,17.33,9,"Rural","16"
"292",2631,"53810","Rural","F ",2016-01-17,18.6,1,"Rural","17"
"316",2631,"53810","Rural","F ",2016-01-22,18,2,"Rural","17"
"340",2631,"53810","Rural","F ",2016-01-29,18.5,3,"Rural","17"
"364",2631,"53810","Rural","F ",2016-02-05,19.1,4,"Rural","17"
"388",2631,"53810","Rural","F ",2016-02-12,18.9,5,"Rural","17"
"411",2631,"53810","Rural","F ",2016-02-22,18.98,6,"Rural","17"
"434",2631,"53810","Rural","F ",2016-02-26,18.33,7,"Rural","17"
"457",2631,"53810","Rural","F ",2016-03-04,18.58,8,"Rural","17"
"480",2631,"53810","Rural","F ",2016-03-11,18.58,9,"Rural","17"
"293",2631,"53811","Rural","F",2016-01-17,18.5,1,"Rural","18"
"317",2631,"53811","Rural","F",2016-01-22,18.5,2,"Rural","18"
"341",2631,"53811","Rural","F",2016-01-29,18.5,3,"Rural","18"
"365",2631,"53811","Rural","F",2016-02-05,19.7,4,"Rural","18"
"389",2631,"53811","Rural","F",2016-02-12,18.5,5,"Rural","18"
"412",2631,"53811","Rural","F",2016-02-22,19.4,6,"Rural","18"
"435",2631,"53811","Rural","F",2016-02-26,18.29,7,"Rural","18"
"458",2631,"53811","Rural","F",2016-03-04,18.66,8,"Rural","18"
"481",2631,"53811","Rural","F",2016-03-11,18.6,9,"Rural","18"
"294",2631,"53812","Rural","M",2016-01-17,19.7,1,"Rural","19"
"318",2631,"53812","Rural","M",2016-01-22,18.2,2,"Rural","19"
"342",2631,"53812","Rural","M",2016-01-29,18.5,3,"Rural","19"
"366",2631,"53812","Rural","M",2016-02-05,18.2,4,"Rural","19"
"390",2631,"53812","Rural","M",2016-02-12,18.2,5,"Rural","19"
"413",2631,"53812","Rural","M",2016-02-22,18.12,6,"Rural","19"
"436",2631,"53812","Rural","M",2016-02-26,17.93,7,"Rural","19"
"459",2631,"53812","Rural","M",2016-03-04,18.16,8,"Rural","19"
"482",2631,"53812","Rural","M",2016-03-11,18.86,9,"Rural","19"
"295",2631,"53813","Rural","M",2016-01-17,20.6,1,"Rural","20"
"319",2631,"53813","Rural","M",2016-01-22,19,2,"Rural","20"
"343",2631,"53813","Rural","M",2016-01-29,19.4,3,"Rural","20"
"367",2631,"53813","Rural","M",2016-02-05,19.3,4,"Rural","20"
"391",2631,"53813","Rural","M",2016-02-12,18.8,5,"Rural","20"
"414",2631,"53813","Rural","M",2016-02-22,19.01,6,"Rural","20"
"437",2631,"53813","Rural","M",2016-02-26,18.79,7,"Rural","20"
"460",2631,"53813","Rural","M",2016-03-04,18.62,8,"Rural","20"
"483",2631,"53813","Rural","M",2016-03-11,19.28,9,"Rural","20"
"296",2631,"53814","Rural","M",2016-01-17,19,1,"Rural","21"
"320",2631,"53814","Rural","M",2016-01-22,18.2,2,"Rural","21"
"344",2631,"53814","Rural","M",2016-01-29,18.6,3,"Rural","21"
"368",2631,"53814","Rural","M",2016-02-05,18.8,4,"Rural","21"
"392",2631,"53814","Rural","M",2016-02-12,18,5,"Rural","21"
"415",2631,"53814","Rural","M",2016-02-22,18.4,6,"Rural","21"
"438",2631,"53814","Rural","M",2016-02-26,17.42,7,"Rural","21"
"461",2631,"53814","Rural","M",2016-03-04,17.9,8,"Rural","21"
"484",2631,"53814","Rural","M",2016-03-11,17.6,9,"Rural","21"
"297",2631,"53815","Rural","M",2016-01-17,19.6,1,"Rural","22"
"321",2631,"53815","Rural","M",2016-01-22,18.9,2,"Rural","22"
"345",2631,"53815","Rural","M",2016-01-29,19.6,3,"Rural","22"
"369",2631,"53815","Rural","M",2016-02-05,20.9,4,"Rural","22"
"393",2631,"53815","Rural","M",2016-02-12,19.6,5,"Rural","22"
"416",2631,"53815","Rural","M",2016-02-22,19.39,6,"Rural","22"
"439",2631,"53815","Rural","M",2016-02-26,19.04,7,"Rural","22"
"462",2631,"53815","Rural","M",2016-03-04,19.13,8,"Rural","22"
"485",2631,"53815","Rural","M",2016-03-11,18.95,9,"Rural","22"
"298",2641,"57123","Rural","F",2016-01-17,19.6,1,"Rural","23"
"322",2641,"57123","Rural","F",2016-01-22,19.2,2,"Rural","23"
"346",2641,"57123","Rural","F",2016-01-29,18.7,3,"Rural","23"
"370",2641,"57123","Rural","F",2016-02-05,20,4,"Rural","23"
"394",2641,"57123","Rural","F",2016-02-12,19.4,5,"Rural","23"
"417",2641,"57123","Rural","F",2016-02-22,19.56,6,"Rural","23"
"440",2641,"57123","Rural","F",2016-02-26,19.29,7,"Rural","23"
"463",2641,"57123","Rural","F",2016-03-04,19.31,8,"Rural","23"
"486",2641,"57123","Rural","F",2016-03-11,19.35,9,"Rural","23"
"278",2631,"53795","Rural ","M",2016-01-17,20.8,1,"Rural","24"
"302",2631,"53795","Rural ","M",2016-01-22,20.8,2,"Rural","24"
"326",2631,"53795","Rural ","M",2016-01-29,21.2,3,"Rural","24"
"350",2631,"53795","Rural ","M",2016-02-05,20.9,4,"Rural","24"
"374",2631,"53795","Rural ","M",2016-02-12,20.3,5,"Rural","24"
"397",2631,"53795","Rural ","M",2016-02-22,20.45,6,"Rural","24"
"420",2631,"53795","Rural ","M",2016-02-26,20.14,7,"Rural","24"
"443",2631,"53795","Rural ","M",2016-03-04,20.48,8,"Rural","24"
"466",2631,"53795","Rural ","M",2016-03-11,20.31,9,"Rural","24"
"70",2591,"00734","Urban","F",2016-01-04,20.5,0,"Urban","25"
"71",2591,"00895","Urban","F",2016-01-04,20,0,"Urban","26"
"72",2591,"04203","Urban","M",2016-01-28,20.3,3,"Urban","27"
"73",2631,"04218","Urban","F",2016-01-06,21.2,0,"Urban","28"
"74",2631,"04229","Urban","F",2016-01-04,20.1,0,"Urban","29"
"75",2631,"04229","Urban","F",2016-01-14,20.8,1,"Urban","29"
"76",2631,"04341","Urban","F",2016-01-04,19.1,0,"Urban","30"
"77",2631,"04341","Urban","F",2016-03-10,18.57,9,"Urban","30"
"78",2621,"07119","Urban","F",2016-01-14,20.6,1,"Urban","31"
"79",2621,"07119","Urban","F",2016-01-21,20.6,2,"Urban","31"
"80",2621,"07138","Urban","M",2016-02-25,20.38,7,"Urban","32"
"81",2621,"14314","Urban","M",2016-01-11,22.7,0,"Urban","33"
"82",2631,"31419","Urban","F",2016-02-18,18.55,6,"Urban","34"
"83",2631,"31436","Urban","M",2016-02-18,18.48,6,"Urban","35"
"84",2631,"31439","Urban","F",2016-01-28,18.6,3,"Urban","36"
"85",2631,"31439","Urban","F",2016-02-11,18.2,5,"Urban","36"
"86",2631,"31481","Urban","M",2016-01-14,20.8,1,"Urban","37"
"87",2631,"31481","Urban","M",2016-02-11,19.8,5,"Urban","37"
"88",2631,"31482","Urban","M",2016-01-11,18,0,"Urban","38"
"89",2631,"31482","Urban","M",2016-01-21,17,2,"Urban","38"
"90",2631,"31482","Urban","M",2016-01-28,17.5,3,"Urban","38"
"91",2631,"31482","Urban","M",2016-03-10,16.74,9,"Urban","38"
"92",2631,"31486","Urban","M",2016-02-25,20.06,7,"Urban","39"
"93",2631,"31489","Urban","F",2016-03-10,20,9,"Urban","40"
"94",2631,"31490","Urban","F",2016-01-04,19,0,"Urban","41"
"95",1771,"35427","Urban","M",2016-01-11,21.4,0,"Urban","42"
"96",1771,"35427","Urban","M",2016-01-14,21.3,1,"Urban","42"
"97",1771,"35427","Urban","M",2016-01-21,19.9,2,"Urban","42"
"98",1771,"35427","Urban","M",2016-02-04,20.5,4,"Urban","42"
"99",1771,"35427","Urban","M",2016-02-11,19.8,5,"Urban","42"
"100",1851,"39244","Urban","M",2016-01-11,20.4,0,"Urban","43"
"101",1851,"39259","Urban","F",2016-01-06,20.1,0,"Urban","44"
"102",1851,"39259","Urban","F",2016-03-10,19.79,9,"Urban","44"
"1",1851,"39269","Urban","M",2016-03-03,16.92,8,"Urban","45"
"2",1851,"39270","Urban","M",2016-01-04,18.7,0,"Urban","46"
"3",1851,"39309","Urban","F",2016-01-06,17.9,0,"Urban","47"
"4",1851,"39309","Urban","F",2016-01-14,17.7,1,"Urban","47"
"5",1851,"39309","Urban","F",2016-02-25,18.3,7,"Urban","47"
"6",1851,"39372","Urban","M",2016-01-04,21.2,0,"Urban","48"
"7",1851,"39372","Urban","M",2016-03-10,19.8,9,"Urban","48"
"8",2631,"53708","Urban","F",2016-01-04,19.8,0,"Urban","49"
"9",2631,"53709","Urban","M",2016-01-04,19.6,0,"Urban","50"
"10",2631,"53709","Urban","M",2016-02-04,18.9,4,"Urban","50"
"11",2631,"53712","Urban","M",2016-01-04,20.6,0,"Urban","51"
"12",2631,"53713","Urban","F",2016-02-04,19.5,4,"Urban","52"
"13",2631,"53713","Urban","F",2016-02-11,18.8,5,"Urban","52"
"14",2631,"53713","Urban","F",2016-02-18,18.34,6,"Urban","52"
"15",2631,"53714","Urban","F",2016-02-04,20.2,4,"Urban","53"
"16",2631,"53715","Urban","M",2016-01-11,19.8,0,"Urban","54"
"17",2631,"53715","Urban","M",2016-02-11,18.8,5,"Urban","54"
"18",2631,"53716","Urban","M",2016-01-21,20.4,2,"Urban","55"
"19",2631,"53718","Urban","M",2016-01-21,18.5,2,"Urban","56"
"20",2631,"53741","Urban","F",2016-01-04,19.7,0,"Urban","57"
"21",2631,"53742","Urban","M",2016-01-04,20,0,"Urban","58"
"22",2631,"53742","Urban","M",2016-02-25,19.78,7,"Urban","58"
"23",2631,"53743","Urban","F",2016-01-04,18,0,"Urban","59"
"24",2631,"53743","Urban","F",2016-01-14,17.5,1,"Urban","59"
"25",2631,"53743","Urban","F",2016-03-03,17.08,8,"Urban","59"
"26",2631,"53744","Urban","M",2016-01-04,20.2,0,"Urban","60"
"27",2631,"53745","Urban","M",2016-01-04,20.3,0,"Urban","61"
"28",2631,"53745","Urban","M",2016-02-04,21,4,"Urban","61"
"29",2631,"53745","Urban","M",2016-02-25,20.5,7,"Urban","61"
"30",2631,"53746","Urban","M",2016-01-04,20.3,0,"Urban","62"
"31",2631,"53747","Urban","F",2016-01-04,19.9,0,"Urban","63"
"32",2631,"53747","Urban","F",2016-02-18,19.24,6,"Urban","63"
"33",2631,"53748","Urban","F",2016-01-04,17.5,0,"Urban","64"
"34",2631,"53749","Urban","M",2016-01-04,19.1,0,"Urban","65"
"35",2631,"53750","Urban","M",2016-01-04,18.9,0,"Urban","66"
"36",2631,"53750","Urban","M",2016-01-14,19.7,1,"Urban","66"
"37",2631,"53750","Urban","M",2016-01-21,19.3,2,"Urban","66"
"38",2631,"53750","Urban","M",2016-03-03,18.41,8,"Urban","66"
"39",2631,"53751","Urban","F",2016-01-04,16.9,0,"Urban","67"
"40",2631,"53752","Urban","F",2016-01-04,18.1,0,"Urban","68"
"41",2631,"53753","Urban","F",2016-01-04,19.8,0,"Urban","69"
"42",2631,"53755","Urban","F",2016-01-04,18.5,0,"Urban","70"
"43",2631,"53756","Urban","M",2016-01-04,20.7,0,"Urban","71"
"44",2631,"53757","Urban","F",2016-01-06,17.4,0,"Urban","72"
"45",2631,"53758","Urban","M",2016-01-06,18.4,0,"Urban","73"
"46",2631,"53759","Urban","F",2016-01-06,20,0,"Urban","74"
"47",2631,"53760","Urban","M",2016-01-06,20.5,0,"Urban","75"
"48",2631,"53761","Urban","M",2016-01-06,19.7,0,"Urban","76"
"49",2631,"53761","Urban","M",2016-01-21,19.4,2,"Urban","76"
"50",2631,"53761","Urban","M",2016-01-28,19.5,3,"Urban","76"
"51",2631,"53762","Urban","M",2016-01-06,18.9,0,"Urban","77"
"52",2631,"53762","Urban","M",2016-01-14,18.6,1,"Urban","77"
"53",2631,"53762","Urban","M",2016-03-10,17.08,9,"Urban","77"
"54",2631,"53763","Urban","F",2016-01-06,19.1,0,"Urban","78"
"55",2631,"53764","Urban","F",2016-01-08,17.6,0,"Urban","79"
"56",2631,"53764","Urban","F",2016-03-10,17.64,9,"Urban","79"
"57",2631,"53765","Urban","F",2016-01-08,18.5,0,"Urban","80"
"58",2631,"53766","Urban","M",2016-01-08,22,0,"Urban","81"
"59",2631,"53766","Urban","M",2016-02-11,22.5,5,"Urban","81"
"60",2631,"53766","Urban","M",2016-03-03,20.16,8,"Urban","81"
"61",2631,"53767","Urban","F",2016-01-08,19.3,0,"Urban","82"
"62",2631,"53768","Urban","M",2016-01-08,18.5,0,"Urban","83"
"63",2631,"53768","Urban","M",2016-01-21,18.2,2,"Urban","83"
"64",2631,"53768","Urban","M",2016-02-25,17.34,7,"Urban","83"
"65",2631,"53768","Urban","M",2016-03-03,16.65,8,"Urban","83"
"66",2631,"53768","Urban","M",2016-03-10,17.88,9,"Urban","83"
"67",2631,"53769","Urban","F",2016-01-08,19,0,"Urban","84"
"68",2631,"53769","Urban","F",2016-01-14,17.4,1,"Urban","84"
"69",2631,"53770","Urban","F",2016-01-11,17.3,0,"Urban","85"
"103",2631,"53771","Urban","M",2016-01-11,21.8,0,"Urban","86"
"104",2631,"53772","Urban","F",2016-01-11,21.2,0,"Urban","87"
"105",2631,"53773","Urban","F",2016-01-11,20,0,"Urban","88"
"106",2631,"53774","Urban","M",2016-01-11,21.4,0,"Urban","89"
"107",2631,"53775","Urban","M",2016-01-11,20,0,"Urban","90"
"108",2631,"53775","Urban","M",2016-03-10,17.74,9,"Urban","90"
"109",2631,"53776","Urban","M",2016-01-11,19.8,0,"Urban","91"
"110",2631,"53777","Urban","M",2016-01-11,19.3,0,"Urban","92"
"111",2631,"53777","Urban","M",2016-01-14,19.4,1,"Urban","92"
"112",2631,"53777","Urban","M",2016-02-25,18.54,7,"Urban","92"
"113",2631,"53778","Urban","F",2016-01-11,18.1,0,"Urban","93"
"114",2631,"53779","Urban","F",2016-01-11,19.2,0,"Urban","94"
"115",2631,"53779","Urban","F",2016-01-14,18.7,1,"Urban","94"
"116",2631,"53780","Urban","F",2016-01-11,18,0,"Urban","95"
"117",2631,"53780","Urban","F",2016-01-21,17.6,2,"Urban","95"
"118",2631,"53781","Urban","M",2016-01-14,20.2,1,"Urban","96"
"119",2631,"53781","Urban","M",2016-02-04,18.6,4,"Urban","96"
"120",2631,"53782","Urban","F",2016-01-14,20.1,1,"Urban","97"
"121",2631,"53783","Urban","M",2016-01-14,17.9,1,"Urban","98"
"122",2631,"53784","Urban","M",2016-01-14,19.2,1,"Urban","99"
"123",2631,"53785","Urban","F",2016-01-14,19.9,1,"Urban","100"
"124",2631,"53785","Urban","F",2016-02-04,18.3,4,"Urban","100"
"125",2631,"53785","Urban","F",2016-02-18,17.67,6,"Urban","100"
"126",2631,"53786","Urban","M",2016-01-14,19.2,1,"Urban","101"
"127",2631,"53787","Urban","M",2016-01-14,20.5,1,"Urban","102"
"128",2631,"53787","Urban","M",2016-01-21,19.3,2,"Urban","102"
"129",2631,"53788","Urban","M",2016-01-14,21.7,1,"Urban","103"
"130",2631,"53789","Urban","M",2016-01-14,20.3,1,"Urban","104"
"131",2631,"53789","Urban","M",2016-03-03,18.49,8,"Urban","104"
"132",2631,"53790","Urban","F",2016-01-14,19.2,1,"Urban","105"
"133",2631,"53790","Urban","F",2016-01-21,19.5,2,"Urban","105"
"134",2631,"53791","Urban","M",2016-01-14,20.3,1,"Urban","106"
"135",2631,"53792","Urban","F",2016-01-14,19.2,1,"Urban","107"
"136",2631,"53793","Urban","F",2016-01-14,18.9,1,"Urban","108"
"137",2631,"53816","Urban","M",2016-01-21,22.4,2,"Urban","109"
"138",2631,"53817","Urban","M",2016-01-21,19.5,2,"Urban","110"
"139",2631,"53818","Urban","M",2016-01-21,19.3,2,"Urban","111"
"140",2631,"53819","Urban","M",2016-01-21,21,2,"Urban","112"
"141",2631,"53820","Urban","M",2016-01-21,19.8,2,"Urban","113"
"142",2631,"53821","Urban","F",2016-01-21,19,2,"Urban","114"
"143",2631,"53822","Urban","M",2016-01-21,20.2,2,"Urban","115"
"144",2631,"53822","Urban","M",2016-03-10,19.74,9,"Urban","115"
"145",2631,"53823","Urban","M",2016-01-21,19.5,2,"Urban","116"
"146",2631,"53824","Urban","M",2016-01-21,19.3,2,"Urban","117"
"147",2631,"53825","Urban","F",2016-01-21,19.3,2,"Urban","118"
"148",2631,"53825","Urban","F",2016-03-10,NA,9,"Urban","118"
"149",2631,"53826","Urban","M",2016-01-28,18,3,"Urban","119"
"150",2631,"53827","Urban","F",2016-01-28,21.5,3,"Urban","120"
"151",2631,"53828","Urban","F",2016-01-28,19.3,3,"Urban","121"
"152",2631,"53829","Urban","M",2016-01-28,17.5,3,"Urban","122"
"153",2631,"53830","Urban","M",2016-01-28,19.5,3,"Urban","123"
"154",2631,"53831","Urban","M",2016-01-28,18.2,3,"Urban","124"
"155",2631,"53832","Urban","M",2016-01-28,19.4,3,"Urban","125"
"156",2631,"53832","Urban","M",2016-02-11,18.6,5,"Urban","125"
"157",2631,"53833","Urban","M",2016-01-28,20.1,3,"Urban","126"
"158",2631,"53834","Urban","M",2016-01-28,20.4,3,"Urban","127"
"159",2631,"53835","Urban","M",2016-01-28,19.9,3,"Urban","128"
"160",2631,"53836","Urban","F",2016-01-28,21.3,3,"Urban","129"
"161",2631,"53837","Urban","M",2016-01-28,20.8,3,"Urban","130"
"162",2631,"53838","Urban","M",2016-01-28,20.6,3,"Urban","131"
"163",2631,"53838","Urban","M",2016-02-18,20.22,6,"Urban","131"
"164",2631,"53838","Urban","M",2016-03-03,20.08,8,"Urban","131"
"165",2631,"53839","Urban","M",2016-01-28,18.5,3,"Urban","132"
"166",2631,"53840","Urban","M",2016-01-28,21,3,"Urban","133"
"167",2631,"53841","Urban","M",2016-01-28,21.7,3,"Urban","134"
"168",2631,"53841","Urban","M",2016-02-04,21.4,4,"Urban","134"
"169",2631,"53842","Urban","M",2016-01-28,18.9,3,"Urban","135"
"170",2631,"53843","Urban","F",2016-01-28,17.5,3,"Urban","136"
"171",2631,"53844","Urban","F",2016-01-28,19.6,3,"Urban","137"
"172",2631,"53845","Urban","M",2016-01-28,19.6,3,"Urban","138"
"173",2631,"53845","Urban","M",2016-03-10,19.08,9,"Urban","138"
"174",2631,"53846","Urban","F",2016-02-04,19.6,4,"Urban","139"
"175",2631,"53846","Urban","F",2016-03-03,18.37,8,"Urban","139"
"176",2631,"53846","Urban","F",2016-03-10,18.94,9,"Urban","139"
"177",2631,"53847","Urban","F",2016-02-04,19.7,4,"Urban","140"
"178",2631,"53848","Urban","M",2016-02-04,20.2,4,"Urban","141"
"179",2631,"53849","Urban","M",2016-02-04,18.2,4,"Urban","142"
"180",2631,"53850","Urban","M",2016-02-04,21.1,4,"Urban","143"
"181",2631,"53851","Urban","F",2016-02-04,18.9,4,"Urban","144"
"182",2631,"53852","Urban","F",2016-02-04,19.3,4,"Urban","145"
"183",2631,"53852","Urban","F",2016-03-03,17.44,8,"Urban","145"
"184",2631,"53853","Urban","M",2016-02-04,18.8,4,"Urban","146"
"185",2631,"53854","Urban","F",2016-02-04,18.9,4,"Urban","147"
"186",2631,"53855","Urban","M",2016-02-04,19.2,4,"Urban","148"
"187",2631,"53856","Urban","M",2016-02-04,19.1,4,"Urban","149"
"188",2631,"53857","Urban","M",2016-02-04,20.6,4,"Urban","150"
"189",2631,"53858","Urban","M",2016-02-04,21,4,"Urban","151"
"190",2631,"53859","Urban","F",2016-02-04,20.8,4,"Urban","152"
"191",2631,"53860","Urban","M",2016-02-04,18.8,4,"Urban","153"
"192",2631,"53861","Urban","F",2016-02-11,19.3,5,"Urban","154"
"193",2631,"53861","Urban","F",2016-03-03,17.62,8,"Urban","154"
"194",2631,"53862","Urban","M",2016-02-11,19.6,5,"Urban","155"
"195",2631,"53862","Urban","M",2016-02-18,18.39,6,"Urban","155"
"196",2631,"53862","Urban","M",2016-03-10,18.41,9,"Urban","155"
"197",2631,"53863","Urban","M",2016-02-11,19.4,5,"Urban","156"
"198",2631,"53863","Urban","M",2016-02-25,19.5,7,"Urban","156"
"199",2631,"53864","Urban","M",2016-02-11,18.8,5,"Urban","157"
"200",2631,"53864","Urban","M",2016-03-03,18.12,8,"Urban","157"
"201",2631,"53864","Urban","M",2016-03-10,17.6,9,"Urban","157"
"202",2631,"53865","Urban","F",2016-02-11,19.3,5,"Urban","158"
"203",2631,"53866","Urban","F",2016-02-11,17.9,5,"Urban","159"
"204",2631,"53867","Urban","M",2016-02-11,19.9,5,"Urban","160"
"205",2631,"53868","Urban","M",2016-02-11,18.3,5,"Urban","161"
"206",2631,"53869","Urban","F",2016-02-11,18.4,5,"Urban","162"
"207",2631,"53870","Urban","M",2016-02-11,20.6,5,"Urban","163"
"208",2631,"53871","Urban","F",2016-02-11,20.9,5,"Urban","164"
"209",2631,"53872","Urban","M",2016-02-11,20.7,5,"Urban","165"
"210",2631,"53873","Urban","F",2016-02-11,18.5,5,"Urban","166"
"211",2631,"53874","Urban","M",2016-02-11,19.2,5,"Urban","167"
"212",2631,"53875","Urban","F",2016-02-11,18.8,5,"Urban","168"
"213",2631,"53876","Urban","M",2016-02-18,21.9,6,"Urban","169"
"214",2631,"53877","Urban","M",2016-02-18,18.65,6,"Urban","170"
"215",2631,"53877","Urban","M",2016-03-03,18.48,8,"Urban","170"
"216",2631,"53878","Urban","F",2016-02-18,17.87,6,"Urban","171"
"217",2631,"53879","Urban","M",2016-02-18,19.44,6,"Urban","172"
"218",2631,"53880","Urban","M",2016-02-18,18.95,6,"Urban","173"
"219",2631,"53881","Urban","M",2016-02-18,17.49,6,"Urban","174"
"220",2631,"53882","Urban","M",2016-02-18,18.75,6,"Urban","175"
"221",2631,"53883","Urban","F",2016-02-18,18.89,6,"Urban","176"
"222",2631,"53883","Urban","F",2016-02-25,20.22,7,"Urban","176"
"223",2631,"53884","Urban","M",2016-02-18,19.75,6,"Urban","177"
"224",2631,"53885","Urban","F",2016-02-18,19.03,6,"Urban","178"
"225",2631,"53886","Urban","M",2016-02-18,17.06,6,"Urban","179"
"226",2631,"53886","Urban","M",2016-02-25,16.96,7,"Urban","179"
"227",2631,"53887","Urban","F",2016-02-18,19.25,6,"Urban","180"
"228",2631,"53888","Urban","F",2016-02-18,17.46,6,"Urban","181"
"229",2631,"53889","Urban","F",2016-02-18,20.18,6,"Urban","182"
"230",2631,"53890","Urban","M",2016-02-18,19.27,6,"Urban","183"
"231",2631,"53891","Urban","M",2016-02-18,18.1,6,"Urban","184"
"232",2631,"53892","Urban","F",2016-02-25,19.92,7,"Urban","185"
"233",2631,"53893","Urban","M",2016-02-25,20.74,7,"Urban","186"
"234",2631,"53893","Urban","M",2016-03-03,20.22,8,"Urban","186"
"235",2631,"53894","Urban","M",2016-02-25,19.26,7,"Urban","187"
"236",2631,"53895","Urban","M",2016-02-25,18.18,7,"Urban","188"
"237",2631,"53896","Urban","M",2016-02-25,19.84,7,"Urban","189"
"238",2631,"53897","Urban","M",2016-02-25,20.02,7,"Urban","190"
"239",2631,"53898","Urban","M",2016-02-25,18.6,7,"Urban","191"
"240",2631,"53899","Urban","M",2016-02-25,19.7,7,"Urban","192"
"241",2631,"53900","Urban","M",2016-02-25,19.76,7,"Urban","193"
"242",2631,"55401","Urban","F",2016-02-25,18.44,7,"Urban","194"
"243",2631,"55401","Urban","F",2016-03-03,17.8,8,"Urban","194"
"244",2631,"55402","Urban","F",2016-02-25,20.86,7,"Urban","195"
"245",2631,"55403","Urban","F",2016-02-25,17.22,7,"Urban","196"
"246",2631,"55404","Urban","F",2016-02-25,18.38,7,"Urban","197"
"247",2631,"55404","Urban","F",2016-03-10,17.93,9,"Urban","197"
"248",2631,"55405","Urban","F",2016-02-25,20.56,7,"Urban","198"
"249",2631,"55406","Urban","F",2016-03-03,18.54,8,"Urban","199"
"250",2631,"55407","Urban","F",2016-03-03,18.68,8,"Urban","200"
"251",2631,"55408","Urban","M",2016-03-03,19.59,8,"Urban","201"
"252",2631,"55409","Urban","F",2016-03-03,18.68,8,"Urban","202"
"253",2631,"55409","Urban","F",2016-03-10,18.05,9,"Urban","202"
"254",2631,"55410","Urban","F",2016-03-03,19.42,8,"Urban","203"
"255",2631,"55411","Urban","M",2016-03-03,18.11,8,"Urban","204"
"256",2631,"55412","Urban","F",2016-03-03,18.04,8,"Urban","205"
"257",2631,"55413","Urban","M",2016-03-03,17.12,8,"Urban","206"
"258",2631,"55414","Urban","F",2016-03-03,19.83,8,"Urban","207"
"259",2631,"55415","Urban","M",2016-03-03,19.22,8,"Urban","208"
"260",2631,"55417","Urban","F",2016-03-10,14.99,9,"Urban","209"
"261",2631,"55418","Urban","M",2016-03-10,19.24,9,"Urban","210"
"262",2631,"55419","Urban","M",2016-03-10,18.51,9,"Urban","211"
"263",2631,"55420","Urban","M",2016-03-10,16.21,9,"Urban","212"
"264",2631,"55422","Urban","M",2016-03-10,18.06,9,"Urban","213"
"265",2631,"55423","Urban","F",2016-03-10,18.03,9,"Urban","214"
"266",2631,"55424","Urban","M",2016-03-10,19.87,9,"Urban","215"
"267",2631,"57177","Urban","M",2016-02-18,18.06,6,"Urban","216"
"268",2641,"57180","Urban","F",2016-01-21,19.3,2,"Urban","217"
"269",1661,"65147","Urban","M",2016-01-04,19.3,0,"Urban","218"
"270",1561,"66052","Urban","F",2016-01-21,18.3,2,"Urban","219"
"271",1561,"66052","Urban","F",2016-02-04,18.7,4,"Urban","219"
"272",1561,"66052","Urban","F",2016-02-11,18.6,5,"Urban","219"
"273",1741,"98651","Urban","F",2016-01-06,19.4,0,"Urban","220"
"274",1741,"98689","Urban","M",2016-01-21,19.8,2,"Urban","221"
